,City,Country,Description,Lat,Lng,Max Temp,Humidity,Cloudiness,Wind Speed
0,Kavaratti,IN,clear sky,10.5669,72.642,81.68,66,0,7.31
1,Emirdag,TR,broken clouds,39.0197,31.15,53.91,42,82,10.49
2,Arraial Do Cabo,BR,moderate rain,-22.9661,-42.0278,77.0,83,75,9.22
3,Barrow,US,light snow,71.2906,-156.7887,-18.4,69,1,11.5
4,Rikitea,PF,light rain,-23.1203,-134.9692,77.2,73,95,11.45
5,Belogorsk,RU,clear sky,50.9158,128.4611,-15.16,87,0,7.99
6,Albany,US,snow,42.6001,-73.9662,24.01,100,90,3.44
7,Hilo,US,few clouds,19.7297,-155.09,64.4,59,20,8.05
8,Port Elizabeth,ZA,broken clouds,-33.918,25.5701,68.0,94,75,9.22
9,Ushuaia,AR,clear sky,-54.8,-68.3,59.0,55,0,13.8
10,Guerrero Negro,MX,clear sky,27.9769,-114.0611,64.74,38,0,4.12
11,Port Alfred,ZA,light rain,-33.5906,26.891,66.99,94,57,1.99
12,Fitjar,NO,clear sky,59.9184,5.3192,27.0,65,0,4.0
13,Goure,NE,clear sky,13.9835,10.2704,84.0,8,0,8.01
14,Dovolnoye,RU,overcast clouds,54.4958,79.6671,13.66,93,95,17.96
15,Punta Arenas,CL,clear sky,-53.15,-70.9167,62.6,34,0,12.66
16,Qaanaaq,GL,overcast clouds,77.484,-69.3632,10.85,88,99,3.8
17,Mysliborz,PL,light snow,52.9238,14.8679,21.99,44,100,11.01
18,Bredasdorp,ZA,overcast clouds,-34.5322,20.0403,71.6,49,89,12.66
19,Ilulissat,GL,clear sky,69.2167,-51.1,26.6,33,0,11.5
20,Chuy,UY,clear sky,-33.6971,-53.4616,76.51,59,1,7.27
21,Mayumba,GA,moderate rain,-3.432,10.6554,81.16,83,81,7.58
22,Hasaki,JP,scattered clouds,35.7333,140.8333,39.2,70,40,2.3
23,Yellowknife,CA,clear sky,62.456,-114.3525,-47.0,65,1,5.75
24,Salalah,OM,broken clouds,17.0151,54.0924,75.2,69,75,3.44
25,Hermanus,ZA,broken clouds,-34.4187,19.2345,71.01,60,57,3.0
26,Clyde River,CA,broken clouds,70.4692,-68.5914,-7.6,84,75,11.5
27,Estelle,US,overcast clouds,29.8458,-90.1067,51.01,81,90,10.36
28,Maicao,CO,overcast clouds,11.3832,-72.2432,83.7,61,100,18.68
29,Busselton,AU,overcast clouds,-33.65,115.3333,63.0,98,100,1.01
30,Mataura,NZ,overcast clouds,-46.1927,168.8643,52.43,88,99,1.88
31,Castro,BR,clear sky,-24.7911,-50.0119,73.99,44,0,3.2
32,Anadyr,RU,clear sky,64.75,177.4833,5.0,56,0,2.24
33,Ust-Nera,RU,overcast clouds,64.5667,143.2,-14.82,76,95,4.56
34,Hithadhoo,MV,broken clouds,-0.6,73.0833,82.02,73,52,11.77
35,Las Vegas,US,clear sky,36.175,-115.1372,53.01,31,1,3.44
36,Cape Town,ZA,clear sky,-33.9258,18.4232,73.4,46,0,27.63
37,Shihezi,CN,overcast clouds,44.3,86.0333,23.13,95,100,1.97
38,New Norfolk,AU,overcast clouds,-42.7826,147.0587,55.4,62,90,8.05
39,Gornopravdinsk,RU,overcast clouds,60.05,69.9,0.79,90,100,13.91
40,Avarua,CK,few clouds,-21.2078,-159.775,77.0,94,20,3.44
41,Adrar,MR,clear sky,20.5022,-10.0711,72.3,21,0,17.05
42,Hingoli,IN,scattered clouds,19.7167,77.15,66.56,25,29,6.53
43,Grindavik,IS,few clouds,63.8424,-22.4338,35.6,60,20,14.97
44,Saint-Philippe,RE,broken clouds,-21.3585,55.7679,82.4,74,75,6.91
45,Pangnirtung,CA,clear sky,66.1451,-65.7125,28.11,80,0,15.64
46,Carnarvon,AU,few clouds,-24.8667,113.6333,78.8,100,11,12.66
47,Victoria,HK,clear sky,22.2855,114.1577,69.01,77,0,10.54
48,Jerome,US,clear sky,42.7241,-114.5186,35.01,60,1,21.85
49,Iqaluit,CA,broken clouds,63.7506,-68.5145,24.8,68,75,18.41
50,Mangaratiba,BR,broken clouds,-22.9597,-44.0406,80.6,61,75,8.05
51,Tiznit,MA,few clouds,29.5833,-9.5,55.42,61,21,13.11
52,Sitka,US,broken clouds,57.0531,-135.33,28.4,64,75,3.44
53,Port-Cartier,CA,clear sky,50.0334,-66.8654,21.99,63,5,11.5
54,Veraval,IN,clear sky,20.9,70.3667,72.37,55,3,3.31
55,Avera,US,overcast clouds,33.194,-82.5271,43.0,75,90,8.05
56,Pitimbu,BR,broken clouds,-7.4706,-34.8086,89.6,58,75,12.66
57,Khatanga,RU,clear sky,71.9667,102.5,-31.88,79,0,8.72
58,Beringovskiy,RU,overcast clouds,63.05,179.3167,-5.49,89,99,13.94
59,Bethel,US,fog,41.3712,-73.414,28.0,93,90,4.61
60,Bengkulu,ID,overcast clouds,-3.8004,102.2655,77.36,85,100,6.42
61,Bestobe,KZ,scattered clouds,52.4994,73.0975,13.75,92,49,19.75
62,Koutsouras,GR,broken clouds,35.0339,25.9469,62.01,81,76,9.48
63,Trogir,HR,overcast clouds,43.5125,16.2517,59.0,82,90,16.11
64,Hovd,MN,overcast clouds,48.0056,91.6419,13.87,87,86,0.43
65,Nantucket,US,overcast clouds,41.2835,-70.0995,37.4,93,90,18.41
66,Severodvinsk,RU,few clouds,64.5635,39.8302,-7.6,77,20,4.47
67,Noumea,NC,clear sky,-22.2763,166.4572,78.01,94,0,2.3
68,Na Wa,TH,clear sky,17.4897,104.1006,72.64,55,0,6.53
69,San Carlos De Bariloche,AR,overcast clouds,-41.1456,-71.3082,59.0,58,90,11.5
70,Kremenchuk,UA,overcast clouds,49.0973,33.4197,15.15,82,100,6.89
71,La Macarena,CO,broken clouds,2.1837,-73.7849,88.43,56,69,4.32
72,Mar Del Plata,AR,moderate rain,-38.0023,-57.5575,64.4,82,90,8.05
73,Chimbote,PE,broken clouds,-9.0853,-78.5783,77.9,58,67,8.9
74,Dikson,RU,overcast clouds,73.5069,80.5464,-27.78,86,91,10.78
75,Butaritari,KI,scattered clouds,3.0707,172.7902,80.58,81,28,17.31
76,Little Baguio,PH,light rain,7.8939,125.2764,65.32,100,100,3.02
77,Los Llanos De Aridane,ES,broken clouds,28.6585,-17.9182,66.2,63,75,11.5
78,Praia Da Vitoria,PT,broken clouds,38.7333,-27.0667,61.0,82,75,17.54
79,Katsuura,JP,clear sky,35.1333,140.3,46.4,57,0,17.27
80,Jamestown,US,light snow,42.097,-79.2353,21.0,86,90,9.22
81,Fortuna,US,overcast clouds,40.5982,-124.1573,44.01,93,90,3.71
82,Dingle,PH,overcast clouds,10.9995,122.6711,75.78,90,100,8.61
83,Katherine,AU,overcast clouds,-14.4667,132.2667,75.2,94,90,3.44
84,Haines Junction,CA,broken clouds,60.7522,-137.5108,-27.4,68,67,1.14
85,Vuktyl,RU,light snow,63.8567,57.3094,-24.68,85,100,9.75
86,Taltal,CL,few clouds,-25.4,-70.4833,69.58,62,16,7.58
87,Vaini,TO,light rain,-21.2,-175.2,77.0,94,75,10.36
88,Bluff,NZ,overcast clouds,-46.6,168.3333,54.34,89,100,4.88
89,Komsomolskiy,UZ,overcast clouds,40.4272,71.7189,46.17,81,100,3.31
90,Tuktoyaktuk,CA,snow,69.4541,-133.0374,-22.0,76,90,13.8
91,Edeia,BR,broken clouds,-17.3383,-49.9314,77.94,86,65,7.78
92,Thompson,CA,snow,55.7435,-97.8558,-36.4,61,75,13.8
93,Harsud,IN,clear sky,22.1,76.7333,64.13,28,0,7.78
94,Severo-Kurilsk,RU,overcast clouds,50.6789,156.125,19.8,89,94,18.63
95,San Jeronimo,PE,overcast clouds,-11.9472,-75.2829,61.29,51,99,0.31
96,Portland,US,overcast clouds,45.5234,-122.6762,42.01,87,90,4.61
97,Vestmannaeyjar,IS,scattered clouds,63.4427,-20.2734,37.4,75,40,27.63
98,Saskylakh,RU,scattered clouds,71.9167,114.0833,-38.31,78,25,11.92
99,Mount Isa,AU,broken clouds,-20.7333,139.5,78.8,94,75,4.61
100,Raudeberg,NO,clear sky,61.9875,5.1352,28.4,43,0,10.36
101,Socota,CO,overcast clouds,6.0403,-72.6351,64.76,56,90,4.41
102,Kirakira,SB,broken clouds,-10.4544,161.9205,78.84,82,61,7.11
103,Hauge,NO,clear sky,58.3436,6.2812,26.01,70,1,18.34
104,Tuatapere,NZ,overcast clouds,-46.1333,167.6833,53.65,76,94,4.74
105,Mahebourg,MU,scattered clouds,-20.4081,57.7,80.6,89,40,11.5
106,Yulin,CN,clear sky,22.6333,110.15,65.12,59,0,2.66
107,Gravdal,NO,scattered clouds,68.1214,13.5031,32.0,80,40,4.61
108,Gulabpura,IN,clear sky,25.9,74.6667,59.83,32,0,2.8
109,Hibbing,US,scattered clouds,47.4272,-92.9377,-20.2,69,40,10.36
110,Lagoa,PT,overcast clouds,39.05,-27.9833,58.12,74,100,19.69
111,Tasiilaq,GL,clear sky,65.6145,-37.6368,21.2,58,1,3.44
112,Bilma,NE,broken clouds,18.6853,12.9164,82.53,13,65,9.4
113,Rio Gallegos,AR,clear sky,-51.6226,-69.2181,66.2,34,0,8.05
114,Hokitika,NZ,clear sky,-42.7167,170.9667,55.44,87,1,5.06
115,Labe,GN,scattered clouds,11.3182,-12.2833,88.41,14,45,6.06
116,Pundaguitan,PH,overcast clouds,6.3711,126.1689,80.08,84,100,13.0
117,Ribeira Grande,PT,broken clouds,38.5167,-28.7,62.6,72,75,18.41
118,Srednekolymsk,RU,overcast clouds,67.45,153.6833,-7.69,87,100,7.58
119,Oranjestad,AW,few clouds,12.524,-70.027,86.0,58,20,21.85
120,Pouembout,NC,overcast clouds,-21.1333,164.9,74.37,81,100,2.64
121,Sorland,NO,few clouds,67.667,12.6934,37.4,65,20,17.27
122,Yvetot,FR,light snow,49.6174,0.7581,35.01,92,100,7.0
123,Olafsvik,IS,clear sky,64.8945,-23.7142,34.29,83,0,14.5
124,Port Keats,AU,light rain,-14.25,129.55,81.91,81,100,10.98
125,Kahului,US,few clouds,20.8947,-156.47,64.0,77,20,4.61
126,Yarke Pole,UA,overcast clouds,45.608,34.3172,30.07,95,100,11.7
127,Kieta,PG,overcast clouds,-6.2167,155.6333,79.5,80,99,4.23
128,East London,ZA,few clouds,-33.0153,27.9116,73.4,78,20,11.5
129,Tautira,PF,broken clouds,-17.7333,-149.15,75.2,83,75,1.14
130,Paso De Los Toros,UY,few clouds,-32.8167,-56.5167,86.0,48,20,6.91
131,Hoyanger,NO,clear sky,61.2204,6.0749,19.4,49,0,5.75
132,Leningradskiy,RU,clear sky,69.3833,178.4167,-13.67,77,7,5.41
133,Ponta Do Sol,PT,overcast clouds,32.6667,-17.1,63.0,65,85,5.01
134,Port-Gentil,GA,scattered clouds,-0.7193,8.7815,80.6,83,40,6.91
135,Atlantic City,US,light rain,39.3643,-74.4229,39.99,93,90,13.8
136,Abu Samrah,SY,clear sky,35.3029,37.1841,57.6,69,0,9.55
137,Broome,US,snow,42.2506,-75.833,32.0,93,90,12.66
138,Hualmay,PE,overcast clouds,-11.0964,-77.6139,76.14,63,100,6.82
139,Lebu,CL,broken clouds,-37.6167,-73.65,64.09,74,71,3.89
140,Yerkoy,TR,broken clouds,39.6381,34.4672,54.32,46,67,6.6
141,Kapaa,US,clear sky,22.0752,-159.319,60.8,72,1,11.5
142,Vao,NC,few clouds,-22.6667,167.4833,77.2,87,11,6.2
143,Faya,SA,clear sky,18.3851,42.4509,60.8,67,0,3.44
144,Coihaique,CL,few clouds,-45.5752,-72.0662,66.2,48,20,8.05
145,Jambi,ID,overcast clouds,-1.6,103.6167,75.16,92,100,2.59
146,Buenos Aires,AR,few clouds,-34.6132,-58.3772,90.0,57,20,10.36
147,Bambous Virieux,MU,scattered clouds,-20.3428,57.7575,81.0,89,40,11.5
148,Matamoros,MX,broken clouds,25.5333,-103.25,55.4,16,75,2.17
149,Inirida,CO,broken clouds,3.8653,-67.9239,83.05,83,78,2.3
150,Airai,TL,overcast clouds,-8.9266,125.4092,61.23,100,100,2.33
151,Upernavik,GL,few clouds,72.7868,-56.1549,18.5,80,22,2.77
152,Crailsheim,DE,moderate rain,49.1344,10.0719,42.01,100,90,5.75
153,Novogurovskiy,RU,broken clouds,54.4678,37.3428,10.4,72,75,8.95
154,Alto Araguaia,BR,broken clouds,-17.3147,-53.2153,80.17,62,56,3.87
155,Nanortalik,GL,overcast clouds,60.1432,-45.2371,34.25,82,100,17.94
156,Shakiso,ET,broken clouds,5.75,38.9167,67.01,47,64,1.79
157,Walvis Bay,NA,clear sky,-22.9575,14.5053,75.2,60,0,9.22
158,Rawson,AR,scattered clouds,-43.3002,-65.1023,61.09,51,29,14.14
159,Kodiak,US,clear sky,57.79,-152.4072,26.6,63,1,4.61
160,Puerto Ayora,EC,clear sky,-0.7393,-90.3518,84.2,70,0,18.41
161,Nikolskoye,RU,light snow,59.7035,30.7861,15.8,86,75,13.42
162,Sao Filipe,CV,broken clouds,14.8961,-24.4956,71.33,67,68,10.4
163,Troitskoye,RU,overcast clouds,52.9821,84.6757,23.97,95,94,8.9
164,Cidreira,BR,scattered clouds,-30.1811,-50.2056,77.65,63,50,9.84
165,Batagay,RU,clear sky,67.6333,134.6333,-30.41,82,0,1.14
166,Esna,EG,clear sky,25.2934,32.554,77.0,41,0,5.75
167,Ballina,AU,overcast clouds,-28.8667,153.5667,77.0,73,90,8.05
168,Talnakh,RU,clear sky,69.4865,88.3972,-23.55,72,0,3.74
169,Kysyl-Syr,RU,overcast clouds,63.8986,122.7617,-27.99,83,97,11.1
170,Waddan,LY,broken clouds,29.1614,16.139,79.79,14,65,12.46
171,Evanston,US,clear sky,42.0411,-87.6901,-2.2,55,1,10.36
172,Cherskiy,RU,broken clouds,68.75,161.3,-3.42,73,59,1.86
173,Ust-Kuyga,RU,clear sky,70.0167,135.6,-29.7,82,0,1.86
174,Tigil,RU,few clouds,57.8,158.6667,29.7,94,15,21.25
175,Jacareacanga,BR,broken clouds,-6.2222,-57.7528,86.05,72,80,2.28
176,Chicama,PE,light rain,-7.8447,-79.1469,71.6,83,0,10.36
177,Careiro Da Varzea,BR,light rain,-3.2003,-59.8119,84.2,83,75,4.61
178,Atuona,PF,scattered clouds,-9.8,-139.0333,79.03,76,38,21.05
179,San Quintin,MX,clear sky,30.4833,-115.95,61.57,60,0,3.65
180,Kalmunai,LK,clear sky,7.4167,81.8167,77.88,85,5,12.03
181,Coquimbo,CL,scattered clouds,-29.9533,-71.3436,68.0,60,40,11.5
182,Muroto,JP,clear sky,33.2833,134.15,53.89,53,0,8.9
183,Acajutla,SV,clear sky,13.5928,-89.8275,77.0,69,0,3.33
184,Mikuni,JP,light rain,36.2171,136.1519,41.0,75,75,6.91
185,Hamilton,US,few clouds,39.1834,-84.5333,19.0,62,20,9.22
186,Hoganas,SE,broken clouds,56.1997,12.558,26.01,52,77,15.99
187,Arlit,NE,overcast clouds,18.7369,7.3853,86.47,10,92,7.0
188,Hobart,AU,overcast clouds,-42.8794,147.3294,55.4,62,90,8.05
189,Akhtubinsk,RU,clear sky,48.2795,46.1722,17.94,75,0,15.61
190,Mogilno,PL,clear sky,52.6581,17.9558,19.99,67,0,20.71
191,Agirish,RU,light snow,61.9247,63.0231,-15.93,89,100,11.72
192,Hailey,US,clear sky,43.5196,-114.3153,21.2,73,1,4.61
193,Honiara,SB,overcast clouds,-9.4333,159.95,77.95,81,95,4.79
194,Todos Santos,MX,overcast clouds,23.45,-110.2167,69.01,63,100,4.61
195,Kaitangata,NZ,scattered clouds,-46.2817,169.8464,59.0,94,49,2.73
196,Sioux Lookout,CA,few clouds,50.1001,-91.917,-25.6,68,20,9.22
197,Gizo,SB,light rain,-8.103,156.8419,82.54,75,49,7.47
198,Pawak,PH,moderate rain,8.0163,124.2565,75.99,94,100,1.01
199,Lata,PT,overcast clouds,40.1629,-8.3327,53.01,97,100,8.99
200,Beira,MZ,scattered clouds,-19.8436,34.8389,84.2,84,40,5.75
201,Liwale,TZ,light rain,-9.7667,37.9333,74.1,91,68,0.76
202,Alexandria,EG,few clouds,31.2156,29.9553,64.4,68,20,5.75
203,Ubatuba,BR,broken clouds,-23.4339,-45.0711,78.8,53,75,4.61
204,Lasa,IT,mist,46.6166,10.7002,41.0,100,90,6.91
205,Kavieng,PG,scattered clouds,-2.5744,150.7967,82.63,78,34,10.02
206,Mtwara,TZ,scattered clouds,-10.2667,40.1833,82.4,83,40,11.5
207,Narsaq,GL,few clouds,60.9167,-46.05,39.2,33,20,49.48
208,Saldanha,ZA,clear sky,-33.0117,17.9442,73.4,46,0,25.32
209,Kargil,IN,clear sky,34.5667,76.1,2.59,72,0,2.17
210,Knysna,ZA,overcast clouds,-34.0363,23.0471,66.2,77,90,4.61
211,Bosaso,SO,few clouds,11.2842,49.1816,76.26,76,14,4.0
212,Luis Correia,BR,few clouds,-2.8792,-41.6669,91.4,58,20,16.11
213,Sanski Most,BA,few clouds,44.7653,16.6656,62.6,51,20,9.22
214,Samarai,PG,scattered clouds,-10.6167,150.6667,82.31,78,47,6.02
215,Bairiki,KI,light rain,1.3292,172.9752,80.6,83,75,6.91
216,Ahipara,NZ,broken clouds,-35.1667,173.1667,59.85,88,72,6.17
217,Ulladulla,AU,overcast clouds,-35.35,150.4667,66.2,77,90,12.66
218,Madison,US,mist,34.7334,-86.5667,37.0,93,90,9.22
219,Bucerias,MX,clear sky,20.75,-105.3333,69.8,73,1,5.75
220,Santa Cruz,BO,scattered clouds,-17.8,-63.1667,89.6,51,40,2.3
221,Lompoc,US,clear sky,34.6391,-120.4579,55.0,93,1,3.44
222,Moron,AR,clear sky,-34.6534,-58.6198,91.0,32,0,4.0
223,Torbay,CA,few clouds,47.6666,-52.7314,34.0,51,20,40.29
224,Warud,IN,clear sky,21.4667,78.2667,65.16,26,0,8.21
225,Aripuana,BR,overcast clouds,-9.1667,-60.6333,74.12,96,100,2.77
226,San Juan,AR,clear sky,-31.5375,-68.5364,92.79,24,0,14.99
227,Dataganj,IN,clear sky,28.0333,79.4,57.06,62,0,5.79
228,Nuuk,GL,few clouds,64.1835,-51.7216,33.8,40,20,6.91
229,Pacific Grove,US,clear sky,36.6177,-121.9166,45.0,87,1,3.44
230,Sunagawa,JP,broken clouds,43.4864,141.9056,19.99,93,77,2.19
231,Pisco,PE,light rain,-13.7,-76.2167,75.0,83,75,5.75
232,Port Augusta,AU,clear sky,-32.5,137.7667,64.4,72,0,11.5
233,Vanavara,RU,overcast clouds,60.34,102.2797,26.46,98,100,9.78
234,Saint-Ambroise,CA,overcast clouds,48.5501,-71.3324,19.99,63,93,5.75
235,Ambikapur,IN,clear sky,23.1167,83.2,54.14,41,0,2.89
236,Yeppoon,AU,broken clouds,-23.1333,150.7333,80.6,78,75,4.61
237,Cayenne,GF,moderate rain,4.9333,-52.3333,82.4,83,90,14.97
238,Saint George,US,clear sky,37.1041,-113.5841,33.8,51,1,0.45
239,Urumqi,CN,mist,43.801,87.6005,15.8,86,100,2.24
240,Faanui,PF,light rain,-16.4833,-151.75,80.92,75,3,12.97
241,Kazanskaya,RU,snow,45.4106,40.4361,26.37,98,100,1.32
242,Srandakan,ID,heavy intensity rain,-7.9386,110.2506,76.89,90,100,3.78
243,Mount Gambier,AU,overcast clouds,-37.8333,140.7667,55.4,71,90,10.36
244,Mogadishu,SO,clear sky,2.0371,45.3438,78.31,76,7,23.91
245,Manokwari,ID,overcast clouds,-0.8667,134.0833,78.69,82,95,3.42
246,Fort Nelson,CA,scattered clouds,58.8053,-122.7002,-34.6,67,40,4.23
247,Huron,US,overcast clouds,41.1501,-82.5499,12.0,78,90,5.99
248,Sao Joao Da Barra,BR,light rain,-21.6403,-41.0511,77.0,73,90,4.23
249,Evensk,RU,overcast clouds,61.95,159.2333,18.82,82,100,34.83
250,Coahuayana,MX,clear sky,18.7333,-103.6833,71.6,73,1,0.92
251,Carman,CA,clear sky,49.4992,-98.0016,-23.8,62,0,8.05
252,Esperance,AU,overcast clouds,-33.8667,121.9,64.4,82,90,17.27
253,Kambove,CD,moderate rain,-10.8764,26.5969,70.56,94,63,3.85
254,Longyearbyen,SJ,light snow,78.2186,15.6401,17.6,67,75,19.57
255,Provideniya,RU,few clouds,64.3833,-173.3,-3.64,77,18,14.43
256,Aklavik,CA,snow,68.2191,-135.0107,-11.2,70,75,12.66
257,Puerto Maldonado,PE,broken clouds,-12.6,-69.1833,86.0,70,75,4.61
258,Inhambupe,BR,overcast clouds,-11.7844,-38.3531,95.54,33,99,7.52
259,Horki,BY,clear sky,54.2861,30.9842,-0.31,92,3,7.38
260,Malakal,SS,scattered clouds,9.5334,31.6605,83.98,14,48,5.08
261,Port Blair,IN,clear sky,11.6667,92.75,79.39,77,0,9.28
262,Likasi,CD,moderate rain,-10.9814,26.7333,71.71,94,70,3.24
263,Gat,IL,clear sky,31.61,34.7642,63.0,100,0,5.68
264,Rawlins,US,light snow,41.7911,-107.2387,28.4,50,1,28.77
265,Ostrovnoy,RU,overcast clouds,68.0531,39.5131,9.86,88,99,10.56
266,Nome,US,overcast clouds,64.5011,-165.4064,5.0,85,90,3.44
267,San Sebastian,ES,light rain,43.3128,-1.975,53.01,66,0,3.44
268,Beaverlodge,CA,mist,55.2166,-119.4361,-47.2,66,1,4.61
269,Agutaya,PH,scattered clouds,11.148,120.9417,80.38,83,41,26.04
270,College,US,broken clouds,64.8569,-147.8028,-11.99,69,75,2.46
271,Zhanaozen,KZ,scattered clouds,43.3,52.8,39.02,80,50,11.54
272,Luderitz,NA,clear sky,-26.6481,15.1594,77.18,50,0,33.55
273,Ajtos,BG,fog,42.7,27.25,48.2,100,90,8.05
274,Myitkyina,MM,clear sky,25.3833,97.4,60.42,54,0,1.99
275,Vostok,RU,overcast clouds,46.4856,135.8833,-12.41,91,100,2.89
276,Kirkcudbright,GB,overcast clouds,54.8383,-4.0491,33.01,69,99,14.0
277,Sainte-Maxime,FR,broken clouds,43.3,6.6333,53.6,66,56,13.8
278,Gogrial,SS,scattered clouds,8.5332,28.1004,83.17,14,35,4.34
279,Scarborough,GB,light snow,54.2797,-0.4044,35.01,72,100,10.0
280,Bubaque,GW,clear sky,11.2833,-15.8333,80.96,51,0,9.98
281,Rio Claro,BR,scattered clouds,-22.4114,-47.5614,82.4,54,40,4.61
282,Teknaf,BD,clear sky,20.8624,92.3058,70.63,55,0,12.62
283,Ginir,ET,broken clouds,7.1333,40.7,68.02,42,81,5.79
284,Havoysund,NO,light snow,70.9963,24.6622,28.4,69,75,24.16
285,Inhambane,MZ,scattered clouds,-23.865,35.3833,86.0,66,40,4.61
286,Tagusao,PH,overcast clouds,9.1924,117.8141,79.05,83,96,4.9
287,Tomatlan,MX,clear sky,19.9333,-105.25,79.12,61,8,1.3
288,Gazli,UZ,overcast clouds,40.1333,63.45,54.93,49,100,6.17
289,Tlacotepec,MX,broken clouds,20.0667,-97.8667,63.07,74,53,3.33
290,Salinopolis,BR,broken clouds,-0.6136,-47.3561,81.95,82,54,10.8
291,Half Moon Bay,US,mist,37.4636,-122.4286,48.2,100,90,6.91
292,Nouadhibou,MR,clear sky,20.931,-17.0347,75.2,33,0,16.11
293,Del Rio,US,clear sky,29.3627,-100.8968,55.4,44,1,13.8
294,Khani,GE,overcast clouds,41.9563,42.9566,46.4,93,90,3.44
295,Zhashkiv,UA,overcast clouds,49.2454,30.1102,12.38,95,100,11.12
296,Diego De Almagro,CL,clear sky,-26.3667,-70.05,83.21,15,3,9.64
297,Luanda,AO,broken clouds,-8.8368,13.2343,84.2,70,75,10.36
298,Youghal,IE,broken clouds,51.95,-7.8506,39.99,81,75,23.02
299,Velasco Ibarra,EC,light rain,-1.05,-79.6167,77.31,89,94,4.9
300,Omboue,GA,moderate rain,-1.5746,9.2618,81.84,79,99,7.54
301,Chokurdakh,RU,broken clouds,70.6333,147.9167,-27.49,84,56,4.36
302,Quatre Cocos,MU,light rain,-20.2078,57.7625,81.0,89,40,11.5
303,Zhoukou,CN,overcast clouds,33.6333,114.6333,43.66,59,100,9.66
304,Codrington,AU,overcast clouds,-38.2667,141.9667,56.39,68,86,10.96
305,Souillac,MU,scattered clouds,-20.5167,57.5167,80.6,89,40,11.5
306,Pochutla,MX,overcast clouds,15.7432,-96.4661,80.01,78,90,5.59
307,Jeremie,HT,broken clouds,18.65,-74.1167,81.84,57,72,5.23
308,Asau,RO,overcast clouds,46.4333,26.4,28.99,74,100,2.95
309,Salamiyah,SY,clear sky,35.0113,37.0532,56.35,70,0,10.07
310,Tiksi,RU,broken clouds,71.6872,128.8694,-29.34,83,83,3.42
311,San Cristobal,VE,few clouds,7.7669,-72.225,86.0,54,20,11.5
312,Cabo San Lucas,MX,scattered clouds,22.8909,-109.9124,66.2,72,40,3.44
313,Touros,BR,scattered clouds,-5.1989,-35.4608,87.8,58,40,16.11
314,San Patricio,US,clear sky,28.017,-97.5169,64.0,59,1,13.8
315,Manadhoo,MV,broken clouds,5.7667,73.3833,81.93,73,56,10.87
316,Vieques,PR,scattered clouds,18.425,-65.8329,84.2,48,40,16.11
317,Sola,VU,few clouds,-13.8833,167.55,81.48,74,16,13.2
318,Zhaotong,CN,overcast clouds,27.3167,103.7167,40.78,79,97,9.37
319,Matara,LK,scattered clouds,5.9485,80.5353,76.89,87,31,1.9
320,Mahon,ES,broken clouds,39.8885,4.2658,50.0,93,75,9.22
321,Netivot,IL,clear sky,31.4222,34.5886,63.0,100,0,6.96
322,Pasighat,IN,clear sky,28.0667,95.3333,62.01,43,6,3.24
323,Mukhen,RU,overcast clouds,48.1,136.1,-7.44,90,100,3.94
324,Komsomolskoye,RU,overcast clouds,55.2567,47.5461,-5.37,89,100,14.36
325,Luang Prabang,LA,clear sky,19.8856,102.1347,69.85,66,2,1.1
326,Along,IN,clear sky,28.1667,94.7667,54.18,56,0,2.06
327,Alyangula,AU,overcast clouds,-13.8483,136.4192,82.4,83,90,14.97
328,Te Anau,NZ,light rain,-45.4167,167.7167,52.88,85,99,3.27
329,Araouane,ML,overcast clouds,18.9048,-3.5265,78.12,16,92,15.43
330,Port Hawkesbury,CA,clear sky,45.6169,-61.3485,30.99,54,1,14.97
331,Sungaipenuh,ID,overcast clouds,-2.0833,101.3833,65.08,86,100,2.62
332,Paamiut,GL,broken clouds,61.994,-49.6678,32.04,85,65,9.55
333,Lavrentiya,RU,clear sky,65.5833,-171.0,-10.97,82,0,6.26
334,Gallup,US,clear sky,35.5281,-108.7426,39.2,35,1,8.05
335,Dalbandin,PK,clear sky,28.8947,64.4101,63.9,19,0,6.29
336,Juybar,IR,mist,36.6412,52.9124,55.4,94,100,4.61
337,Aras,ES,clear sky,42.5617,-2.356,50.0,57,0,11.5
338,Georgetown,MY,few clouds,5.4112,100.3354,84.2,79,20,4.61
339,Sagua La Grande,CU,light rain,22.8067,-80.0756,84.2,65,40,5.75
340,Xining,CN,clear sky,36.6167,101.7667,27.07,57,0,2.24
341,Dalby,AU,scattered clouds,-27.1833,151.2667,66.99,75,29,11.05
342,Ayan,RU,overcast clouds,56.45,138.1667,-4.07,79,100,22.1
343,Marshall,US,overcast clouds,34.3834,-86.3333,39.99,87,90,6.91
344,Dakoro,NE,broken clouds,14.5106,6.765,88.56,9,53,10.25
345,Klaksvik,FO,light snow,62.2266,-6.589,33.8,80,75,9.22
346,Nizhniy Odes,RU,overcast clouds,63.6445,54.856,-26.16,85,100,10.4
347,Dunedin,NZ,scattered clouds,-45.8742,170.5036,57.99,92,43,1.99
348,Puerto Madryn,AR,broken clouds,-42.7692,-65.0385,61.2,50,54,13.6
349,Norman Wells,CA,light snow,65.282,-126.8329,-22.0,76,75,1.97
350,Suda,RU,clear sky,59.1525,37.5582,-5.8,71,0,6.71
351,Kouroussa,GN,overcast clouds,10.65,-9.8833,94.21,12,99,8.39
352,Christchurch,NZ,broken clouds,-43.5333,172.6333,60.01,94,75,8.05
353,Eaglesham,GB,broken clouds,55.7412,-4.2746,35.6,64,75,14.97
354,Morant Bay,JM,few clouds,17.8815,-76.4093,84.99,58,20,16.11
355,Nyzhni Sirohozy,UA,overcast clouds,46.8484,34.3804,26.13,77,98,8.19
356,Vardo,NO,snow,70.3705,31.1107,24.8,74,75,28.77
357,Rudbar,AF,clear sky,30.15,62.6,66.0,22,0,4.83
358,Blagoveshchensk,RU,clear sky,50.2667,127.5333,-11.2,64,0,4.47
359,Iralaya,HN,scattered clouds,15.0,-83.2333,84.2,66,40,5.75
360,Bafq,IR,few clouds,31.6128,55.4107,62.56,36,19,16.78
361,Vila Franca Do Campo,PT,broken clouds,37.7167,-25.4333,63.0,77,75,11.5
362,Atar,MR,clear sky,20.5169,-13.0499,76.46,19,0,18.1
363,Mount Pleasant,US,overcast clouds,32.7941,-79.8626,46.4,100,90,13.8
364,Wenzhou,CN,scattered clouds,27.9994,120.6668,62.01,74,41,2.08
365,Aswan,EG,clear sky,24.0934,32.907,74.57,28,0,11.39
366,Mukhtolovo,RU,light snow,55.4644,43.1953,3.06,93,100,11.59
367,Plettenberg Bay,ZA,overcast clouds,-34.0527,23.3716,66.58,76,98,6.82
368,Macon,US,clear sky,39.8667,-88.9668,1.4,71,1,5.75
369,Wagar,SD,clear sky,16.1525,36.2032,75.33,38,0,16.35
370,Constitucion,CL,overcast clouds,-35.3333,-72.4167,66.51,68,93,4.52
371,Kununurra,AU,heavy intensity rain,-15.7667,128.7333,78.8,100,75,3.44
372,Mwinilunga,ZM,light rain,-11.7358,24.4293,70.95,91,43,5.1
373,Baijiantan,CN,overcast clouds,45.6333,85.1833,22.86,94,100,1.97
374,Kasiri,SL,scattered clouds,8.9412,-13.1148,89.64,47,50,13.2
375,Lovozero,RU,light snow,68.005,35.0117,7.61,94,89,10.04
376,Hammerfest,NO,light snow,70.6634,23.6821,23.0,86,75,17.27
377,Zlobin,HR,overcast clouds,45.2924,14.6541,55.0,94,90,3.44
378,Lexington Park,US,snow,38.2668,-76.4538,34.0,93,90,18.41
379,Hami,CN,scattered clouds,42.8,93.45,29.98,81,48,0.83
380,Grootfontein,NA,light rain,-19.5667,18.1167,76.71,63,97,14.76
381,Pastavy,BY,clear sky,55.1168,26.8326,2.7,91,0,3.06
382,Angoche,MZ,scattered clouds,-16.2325,39.9086,82.4,78,28,6.73
383,Lethem,GY,scattered clouds,3.3803,-59.7968,84.2,65,40,13.8
384,Keuruu,FI,overcast clouds,62.2667,24.7,21.99,93,90,5.75
385,Quthing,LS,broken clouds,-30.4,27.7003,78.87,41,56,7.58
386,Belle Glade,US,broken clouds,26.6845,-80.6676,80.01,84,84,5.01
387,Puerto Narino,CO,scattered clouds,-3.7703,-70.3831,87.8,66,40,2.3
388,Altamira,BR,scattered clouds,-3.2033,-52.2064,80.6,94,40,3.44
389,Charters Towers,AU,overcast clouds,-20.1,146.2667,77.61,87,100,9.62
390,Gamba,GA,moderate rain,-2.65,10.0,80.98,81,100,7.14
391,Nanakuli,US,broken clouds,21.3906,-158.1547,62.01,77,75,4.61
392,San Rafael,AR,few clouds,-34.6177,-68.3301,79.3,41,21,26.8
393,Davila,PH,broken clouds,18.4726,120.5763,78.8,78,75,5.75
394,Jos,NG,broken clouds,9.9167,8.9,87.22,13,79,6.91
395,Maiduguri,NG,broken clouds,11.8464,13.1603,92.25,11,55,7.54
396,Bayanday,RU,scattered clouds,53.0661,105.5139,8.58,88,31,2.13
397,Garissa,KE,scattered clouds,-0.4536,39.6401,92.98,33,48,5.79
398,Fairbanks,US,clear sky,64.8378,-147.7164,-11.99,76,1,3.44
399,Benguela,AO,overcast clouds,-12.5763,13.4055,79.56,67,100,8.55
400,Sobolevo,RU,scattered clouds,54.4299,31.8996,1.4,93,25,8.21
401,Tortoli,IT,overcast clouds,39.9256,9.6572,60.8,48,90,12.66
402,Rio Verde De Mato Grosso,BR,clear sky,-18.9181,-54.8442,87.3,46,3,2.19
403,Porterville,US,clear sky,36.0652,-119.0168,48.0,87,1,4.61
404,Armidale,AU,broken clouds,-30.5167,151.65,57.99,85,57,3.0
405,Sapele,NG,overcast clouds,5.8941,5.6767,99.01,26,100,4.34
406,Sri Aman,MY,light rain,1.2376,111.4621,77.0,94,100,1.05
407,Oranjemund,NA,clear sky,-28.55,16.4333,67.3,76,9,26.28
408,Diapaga,BF,broken clouds,12.0708,1.7889,99.99,9,64,8.41
409,Sines,PT,overcast clouds,37.9562,-8.8698,55.0,88,94,8.01
410,Villa Rica,US,overcast clouds,33.7321,-84.9191,37.99,92,90,10.0
411,Buckeye,US,clear sky,33.3703,-112.5838,55.99,46,1,2.93
412,Murgab,TM,broken clouds,37.4966,61.9714,57.2,54,75,4.61
413,Kabompo,ZM,light rain,-13.5927,24.2008,76.24,85,94,4.12
414,Roald,NO,clear sky,62.5833,6.1333,26.6,43,0,12.66
415,Hamadan,IR,broken clouds,34.7992,48.5146,37.62,78,77,6.31
416,Heihe,CN,clear sky,50.2441,127.4902,-11.2,64,0,4.47
417,Palu,ID,overcast clouds,-0.8917,119.8707,76.42,81,100,1.12
418,Jalingo,NG,overcast clouds,8.8833,11.3667,97.84,9,99,8.19
419,Ziro,IN,clear sky,27.6333,93.8333,38.57,85,1,2.28
420,Iquique,CL,clear sky,-20.2208,-70.1431,77.0,47,0,13.8
421,Jalu,LY,overcast clouds,29.0331,21.5482,74.1,20,100,10.85
422,Taft,IR,overcast clouds,31.7471,54.2088,48.2,81,90,18.41
423,Preobrazheniye,RU,clear sky,42.9019,133.9064,7.12,85,0,9.8
424,Balaipungut,ID,few clouds,1.05,101.2833,80.6,83,20,1.74
425,Poum,NC,overcast clouds,-20.2333,164.0167,79.63,70,94,1.66
426,Baykit,RU,overcast clouds,61.67,96.37,26.02,96,100,4.92
427,Yangambi,CD,overcast clouds,0.8102,24.4336,82.65,37,100,1.48
428,Iskateley,RU,overcast clouds,67.6803,53.1512,-19.07,87,100,13.98
429,Verkhoyansk,RU,clear sky,67.5447,133.385,-31.58,82,0,0.94
430,Bilibino,RU,clear sky,68.0546,166.4372,-1.68,72,0,5.35
431,Kathu,TH,broken clouds,7.9178,98.3332,78.8,83,75,4.61
432,Bakchar,RU,overcast clouds,57.0186,82.0711,14.18,94,99,14.74
433,Virginia Beach,US,overcast clouds,36.8529,-75.978,43.0,81,90,23.02
434,Mayo,US,snow,38.8876,-76.5119,35.01,95,90,9.22
435,Gewane,ET,scattered clouds,10.1664,40.6453,78.73,45,43,7.94
436,Nisia Floresta,BR,scattered clouds,-6.0911,-35.2086,89.6,58,40,16.11
437,Bloemfontein,ZA,few clouds,-29.1211,26.214,82.4,44,20,3.44
438,Santo Antonio Do Ica,BR,overcast clouds,-3.1022,-67.9397,83.28,81,95,2.3
439,Misratah,LY,overcast clouds,32.3754,15.0925,72.28,31,100,15.03
440,Victor Harbor,AU,scattered clouds,-35.5667,138.6167,57.99,93,40,1.01
441,Ryotsu,JP,broken clouds,38.0833,138.4333,34.61,83,74,18.41
442,Lorengau,PG,overcast clouds,-2.0226,147.2712,81.81,81,97,8.75
443,Zemetchino,RU,overcast clouds,53.4973,42.6163,-4.22,91,97,11.77
444,Cabra,ES,overcast clouds,37.4725,-4.4421,51.01,76,95,4.0
445,Pontes E Lacerda,BR,broken clouds,-15.2261,-59.3353,91.22,43,71,1.32
446,Sayyan,YE,scattered clouds,15.1718,44.3244,53.83,55,41,7.87
447,Saint-Joseph,RE,broken clouds,-21.3667,55.6167,82.4,74,75,6.91
448,Nara,JP,clear sky,34.6851,135.8049,43.0,71,1,3.58
449,Nizhniy Kuranakh,RU,clear sky,58.8353,125.4869,-21.55,83,0,1.36
450,Oktyabrskoye,RU,overcast clouds,43.0645,44.7417,26.6,100,90,4.47
451,Saint Anthony,US,clear sky,45.0205,-93.218,-11.2,58,1,8.05
452,Oyotun,PE,light rain,-6.8519,-79.3036,86.0,48,0,8.05
453,Ahuimanu,US,clear sky,21.4447,-157.8378,64.0,82,1,2.55
454,Ajdabiya,LY,overcast clouds,30.7554,20.2263,70.99,28,100,13.65
455,Codajas,BR,light rain,-3.8367,-62.0569,88.03,62,69,4.5
456,Hofn,IS,broken clouds,64.2539,-15.2082,35.6,80,75,9.22
457,Casablanca,MA,broken clouds,33.5928,-7.6192,60.8,59,75,13.8
458,Husavik,IS,broken clouds,66.0449,-17.3389,32.0,80,75,3.44
459,Kodigenahalli,IN,few clouds,13.72,77.3903,73.4,28,14,5.75
460,Santa Maria,BR,clear sky,-29.6842,-53.8069,82.4,61,0,5.75
461,Marrakesh,MA,broken clouds,31.6315,-8.0083,62.6,48,75,6.91
462,Itarantim,BR,broken clouds,-15.6597,-40.0656,83.8,68,58,5.55
463,Kirovskiy,RU,overcast clouds,45.0917,133.5136,-11.0,90,98,4.09
464,Nhulunbuy,AU,scattered clouds,-12.2333,136.7667,80.6,83,40,10.36
465,Camacha,PT,scattered clouds,33.0833,-16.3333,60.8,94,40,16.11
466,Garowe,SO,clear sky,8.4054,48.4845,80.98,36,0,13.65
467,Mandalgovi,MN,clear sky,45.7625,106.2708,12.72,81,0,10.02
468,Yar-Sale,RU,light snow,66.8333,70.8333,-11.22,90,100,24.7
469,Damietta,EG,clear sky,31.4165,31.8133,64.4,68,0,6.91
470,Chiredzi,ZW,broken clouds,-21.05,31.6667,82.17,64,73,6.38
471,Cheyenne,US,clear sky,41.14,-104.8203,35.6,44,1,27.63
472,Salisbury,GB,broken clouds,51.0693,-1.7957,37.4,69,75,20.71
473,Pangai,TO,light rain,-19.8,-174.35,79.88,86,100,21.7
474,Abashiri,JP,scattered clouds,44.0213,144.2697,6.01,79,42,5.99
475,Baker City,US,clear sky,44.7749,-117.8344,37.4,48,1,6.91
476,Nevel,RU,broken clouds,56.0209,29.9284,7.34,95,57,6.55
477,Hambantota,LK,clear sky,6.1241,81.1185,78.8,89,0,8.05
478,Kargopol,RU,scattered clouds,61.5071,38.9456,-12.64,89,30,6.11
479,Pishin,PK,clear sky,30.5803,66.9961,54.59,34,0,1.21
480,Shiringushi,RU,overcast clouds,53.8485,42.7676,-1.62,91,99,11.45
481,Egvekinot,RU,clear sky,66.3167,-179.1667,-9.08,78,0,13.4
482,Berlevag,NO,snow,70.8578,29.0864,23.0,86,75,21.85
483,Sao Jose Da Coroa Grande,BR,broken clouds,-8.8978,-35.1478,85.24,62,70,11.86
484,Mantua,IT,overcast clouds,45.1667,10.7833,53.01,92,100,1.43
485,Ziniare,BF,dust,12.5822,-1.2983,95.0,11,30,8.05
486,Talas,TR,clear sky,38.6908,35.5538,51.8,37,0,4.61
487,Kruisfontein,ZA,overcast clouds,-34.0033,24.7314,68.0,87,100,3.0
488,Spearfish,US,haze,44.4908,-103.8594,3.99,78,75,5.75
489,Tres Passos,BR,clear sky,-27.4556,-53.9319,84.0,54,0,1.01
490,Brewster,US,heavy snow,41.3973,-73.6171,28.0,93,90,4.61
491,Ivanava,BY,overcast clouds,52.1451,25.5365,11.12,92,100,12.68
492,Lerwick,GB,broken clouds,60.1545,-1.1494,33.8,60,75,6.91
493,Alzey,DE,overcast clouds,49.7517,8.1161,39.99,89,100,5.66
494,Itarema,BR,clear sky,-2.9248,-39.9167,89.73,54,4,15.17
495,Chapada Dos Guimaraes,BR,broken clouds,-15.4606,-55.7497,87.8,51,75,6.91
496,Alta Floresta,BR,overcast clouds,-9.8756,-56.0861,72.79,97,100,4.41
497,Jilin,CN,light snow,43.0,126.0,-5.46,91,24,2.51
498,Yaan,NG,overcast clouds,7.3833,8.5667,100.47,8,100,5.7
499,Pangody,RU,light snow,65.85,74.4859,-2.74,92,100,21.81
500,Bagdarin,RU,overcast clouds,54.4333,113.6,-5.84,86,100,1.12
501,Poya,NC,overcast clouds,-21.35,165.15,74.77,80,100,2.93
502,Mehamn,NO,light snow,71.0357,27.8492,23.0,86,90,31.07
503,Keti Bandar,PK,clear sky,24.1447,67.4497,68.04,51,0,6.64
504,Albolote,ES,broken clouds,37.2309,-3.6551,50.0,76,75,12.66
505,Alofi,NU,broken clouds,-19.0595,-169.9187,77.0,94,80,4.61
506,Bodden Town,KY,few clouds,19.2833,-81.25,84.99,65,20,12.66
507,Taraza,CO,overcast clouds,7.5836,-75.4007,86.36,67,94,3.04
508,Venice,US,mist,27.0998,-82.4543,71.01,100,75,12.66
509,Myski,RU,broken clouds,53.709,87.8014,30.61,97,83,5.48
510,Namibe,AO,scattered clouds,-15.1961,12.1522,78.8,65,40,11.5
511,Westport,US,snow,41.1415,-73.3579,30.99,80,90,12.66
512,Mandurah,AU,broken clouds,-32.55,115.7,66.99,93,84,19.06
513,Vanimo,PG,overcast clouds,-2.6741,141.3028,77.65,86,100,2.64
514,Prainha,BR,broken clouds,-1.8,-53.48,90.88,46,76,4.34
515,Najran,SA,scattered clouds,17.4924,44.1277,71.6,33,26,9.22
516,Jurbarkas,LT,scattered clouds,55.0778,22.7664,4.33,93,42,5.79
517,Vung Tau,VN,broken clouds,10.346,107.0843,76.08,83,64,15.52
518,Katav-Ivanovsk,RU,overcast clouds,54.7531,58.1956,-6.56,87,100,10.71
519,Kailua,US,clear sky,21.4022,-157.7394,64.0,82,1,3.33
520,Malanje,AO,moderate rain,-9.5402,16.341,72.9,91,98,5.39
521,Miri,MY,moderate rain,4.4148,114.0089,78.8,94,40,6.91
522,Nishihara,JP,clear sky,26.1842,127.7558,62.6,63,1,6.2
523,Turbat,PK,clear sky,26.0023,63.044,58.5,35,0,1.68
524,Martil,MA,broken clouds,35.6166,-5.2752,57.2,72,75,23.02
525,Zeya,RU,scattered clouds,53.75,127.2667,-14.17,83,34,3.42
526,Ridgecrest,US,clear sky,35.6225,-117.6709,35.6,38,1,1.52
527,Road Town,VG,scattered clouds,18.4167,-64.6167,84.2,61,40,14.97
528,Mlawa,PL,clear sky,53.1128,20.3841,8.6,78,0,6.91
529,Sal Rei,CV,broken clouds,16.1833,-22.9167,73.4,53,75,23.02
530,Bousso,TD,overcast clouds,10.4795,16.7117,94.59,10,100,5.32
531,San Policarpo,PH,heavy intensity rain,12.1791,125.5072,80.29,84,100,18.14
532,Shimoda,JP,clear sky,34.6667,138.95,42.01,55,0,1.99
533,Kachug,RU,overcast clouds,53.9606,105.8817,9.43,89,92,2.73
534,San Ignacio,BZ,few clouds,17.1561,-89.0714,78.8,73,20,6.91
535,Fairlie,GB,overcast clouds,55.756,-4.8556,35.01,75,87,8.01
536,Bathsheba,BB,scattered clouds,13.2167,-59.5167,84.2,58,40,23.02
537,Goma,CD,light rain,-1.6792,29.2228,70.12,66,29,1.45
538,Finnsnes,NO,light snow,69.2296,17.9811,23.0,86,75,8.05
539,Merauke,ID,overcast clouds,-8.4667,140.3333,79.7,86,98,12.28
540,Choya,RU,broken clouds,52.0108,86.5467,28.09,97,81,3.22
541,Naze,JP,clear sky,28.3667,129.4833,57.9,64,0,8.19
542,Sarakhs,IR,clear sky,36.5449,61.1577,57.2,51,7,2.3
543,Istra,RU,light snow,55.9178,36.8642,10.4,85,75,13.42
544,Puerto Escondido,MX,broken clouds,15.85,-97.0667,82.4,78,75,3.44
545,Padang,ID,few clouds,-0.9492,100.3543,80.6,83,20,1.14
546,Chadiza,ZM,light rain,-14.0678,32.4392,71.82,93,99,3.09
547,Stanari,BA,few clouds,44.7472,17.8294,62.6,51,20,9.22
548,Caruray,PH,light rain,10.3094,119.0128,80.6,83,20,6.91
549,Cabrobo,BR,broken clouds,-8.5142,-39.31,92.89,34,60,0.94
550,Mugumu,TZ,light rain,-1.85,34.7,67.01,81,74,1.86
551,Muri,IN,haze,23.3667,85.8667,59.0,63,0,6.53
552,Alenquer,BR,scattered clouds,-1.9417,-54.7383,86.0,70,40,6.91
553,Beja,TN,scattered clouds,36.7256,9.1817,60.8,63,40,10.36
554,Tandil,AR,broken clouds,-37.3217,-59.1332,78.01,61,70,3.0
555,Praia,CV,broken clouds,14.9215,-23.5087,73.4,53,75,25.32
556,Lazaro Cardenas,MX,few clouds,17.9583,-102.2,81.27,57,12,2.1
557,Nelson Bay,AU,overcast clouds,-32.7167,152.15,70.0,78,90,10.36
558,Whitianga,NZ,broken clouds,-36.8333,175.7,63.0,85,70,1.01
559,Chandla,IN,clear sky,25.0833,80.2,57.54,41,0,1.83
560,Monrovia,LR,few clouds,6.3005,-10.7969,87.8,66,20,14.97
561,Kot Samaba,PK,clear sky,28.5522,70.4684,63.9,25,0,6.22
562,Loralai,PK,clear sky,30.3705,68.598,54.07,37,0,2.39
563,Hukuntsi,BW,few clouds,-24.0,21.75,79.63,56,19,10.33
564,Henties Bay,NA,broken clouds,-22.116,14.2845,66.0,85,74,3.0
565,North Auburn,US,clear sky,38.9313,-121.0819,46.4,57,1,8.05
566,Lyngseidet,NO,light snow,69.5763,20.2189,26.6,80,75,8.05
567,Kokstad,ZA,light rain,-30.5472,29.4241,69.15,86,70,4.68
568,Khovu-Aksy,RU,broken clouds,51.1333,93.6,7.48,88,68,5.97
569,Port Hedland,AU,clear sky,-20.3167,118.5667,78.8,73,0,9.22
570,Saint-Felicien,CA,overcast clouds,48.6501,-72.4491,17.6,62,90,6.91
571,Porto Novo,BJ,few clouds,6.4965,2.6036,89.6,70,20,16.11
572,Sandwick,GB,broken clouds,60.0,-1.25,33.8,60,75,6.91
573,Bambanglipuro,ID,heavy intensity rain,-7.95,110.2833,76.73,90,100,3.71
574,Olinda,BR,scattered clouds,-8.0089,-34.8553,84.2,61,40,9.22
575,Gondanglegi,ID,overcast clouds,-7.7479,112.0132,75.4,91,100,4.99
576,Lleida,ES,few clouds,41.6167,0.6167,54.0,62,20,18.41
577,Traverse City,US,snow,44.7631,-85.6206,6.8,72,75,12.66
578,Aksu,CN,overcast clouds,41.1231,80.2644,34.11,74,100,1.92
579,Rorvik,NO,clear sky,64.8621,11.2373,17.6,93,0,3.44
580,Boulder City,US,clear sky,35.9786,-114.8325,53.01,33,1,1.57
581,Alamogordo,US,clear sky,32.8995,-105.9603,54.0,19,1,13.8
582,Zavodoukovsk,RU,overcast clouds,56.5042,66.5515,1.0,87,96,15.23
583,Yatou,CN,broken clouds,37.15,122.3833,28.53,82,76,14.18
584,Inta,RU,overcast clouds,66.0317,60.1659,-17.27,88,100,11.21
585,Kulhudhuffushi,MV,scattered clouds,6.6221,73.07,81.59,76,47,13.35
586,Suffolk,US,snow,40.8668,-72.7996,33.8,86,90,5.75
587,Moree,AU,clear sky,-29.4667,149.85,66.2,82,0,6.91
588,Geraldton,AU,broken clouds,-28.7667,114.6,69.8,78,75,12.66
589,Mocajuba,BR,scattered clouds,-2.5842,-49.5072,94.39,40,32,4.34
590,Mildura,AU,clear sky,-34.2,142.15,62.6,51,0,8.05
591,Axim,GH,overcast clouds,4.8699,-2.2405,83.52,76,100,8.12
592,Katangli,RU,light snow,51.7102,143.2326,5.59,94,100,20.13
593,Xacmaz,AZ,broken clouds,41.4635,48.806,42.62,77,55,9.4
594,North Platte,US,overcast clouds,41.1239,-100.7654,3.2,78,90,17.27
595,Minbu,MM,scattered clouds,20.1833,94.8833,69.1,35,31,4.72
596,Arraias,BR,overcast clouds,-12.9288,-46.9437,67.66,100,100,3.22
597,Acarau,BR,clear sky,-2.8856,-40.12,89.31,54,8,16.87
598,Novyy Urgal,RU,light snow,51.0736,132.5642,-16.83,87,36,0.51
599,Nagorsk,RU,overcast clouds,59.3172,50.8078,-15.81,87,100,10.42
600,Ngama,TD,broken clouds,11.7833,17.1667,92.91,10,76,7.05
601,Novoomskiy,RU,snow,54.8415,73.3017,10.4,72,75,20.13
602,Kualakapuas,ID,broken clouds,-3.0091,114.3876,77.0,94,75,2.3
603,Galle,LK,broken clouds,6.0367,80.217,79.38,84,59,1.01
604,Alice Springs,AU,scattered clouds,-23.7,133.8833,79.0,35,39,6.91
605,Amapa,BR,broken clouds,1.0,-52.0,82.33,86,75,2.13
606,Council Bluffs,US,light snow,41.2619,-95.8608,3.99,78,90,6.91
607,Agadez,NE,broken clouds,19.75,10.25,80.69,13,75,9.4
608,Chapais,CA,light snow,49.7834,-74.8492,12.2,79,90,8.05
609,Adilcevaz,TR,scattered clouds,38.8039,42.7342,32.0,86,40,1.14
610,Mitoc,RO,light snow,48.1,27.0333,23.0,93,90,12.66
611,Harrismith,ZA,light rain,-28.2728,29.1295,65.75,74,80,1.99
612,Yarmouth,US,light rain,41.7057,-70.2286,39.99,75,90,5.75
613,Beausejour,CA,clear sky,50.0622,-96.5167,-20.99,100,0,5.99
614,Pevek,RU,clear sky,69.7008,170.3133,-7.51,87,0,1.48
615,Lensk,RU,light snow,60.7253,114.9278,6.26,93,100,3.85
616,Deputatskiy,RU,clear sky,69.3,139.9,-29.97,86,0,1.23
617,Karpinsk,RU,light snow,59.7654,60.0085,-9.6,91,100,2.08
618,Maarianhamina,AX,light snow,60.0973,19.9348,23.0,93,20,5.75
619,Pemberton,CA,light snow,50.3164,-122.8027,28.4,86,90,3.15
620,Harper,LR,broken clouds,4.375,-7.7169,84.27,72,82,8.43
621,Usinsk,RU,light snow,65.9939,57.5281,-25.17,85,100,16.75
622,Soyo,AO,overcast clouds,-6.1349,12.3689,82.06,79,100,10.18
623,Anahuac,MX,clear sky,27.2333,-100.15,62.6,48,1,14.97
624,Neka,IR,mist,36.6508,53.299,55.4,94,100,4.61
625,Kampot,KH,few clouds,10.6167,104.1833,77.0,88,20,1.14
626,Lukovetskiy,RU,few clouds,64.2956,41.9211,-7.6,77,20,4.47
627,Praya,CV,broken clouds,14.9215,-23.5087,73.4,53,75,25.32
628,Lulea,SE,clear sky,65.5842,22.1547,14.0,92,0,8.05
629,Batagay-Alyta,RU,clear sky,67.8006,130.4114,-34.4,81,0,1.68
630,Tessalit,ML,overcast clouds,20.1986,1.0114,78.55,17,98,9.73
631,Jaciara,BR,broken clouds,-15.9653,-54.9683,86.76,49,56,4.61
632,Ancud,CL,clear sky,-41.8697,-73.8203,78.8,36,0,4.61
633,Rudnogorsk,RU,overcast clouds,57.2639,103.7519,21.99,97,100,8.37
634,Antofagasta,CL,clear sky,-23.65,-70.4,75.0,53,0,11.5
635,Maunabo,PR,scattered clouds,18.0072,-65.8993,82.0,71,35,5.99
636,Itoigawa,JP,light snow,37.0333,137.85,34.0,93,94,8.86
637,Northam,GB,few clouds,51.0333,-4.2167,39.0,72,12,13.0
638,Okakarara,NA,overcast clouds,-20.5833,17.4333,82.92,40,94,9.51
639,Reynosa,MX,clear sky,26.0833,-98.2833,69.01,63,1,11.5
640,Thunder Bay,CA,scattered clouds,48.4001,-89.3168,-13.0,58,40,19.57
641,Turukhansk,RU,snow,65.8167,87.9833,3.36,94,100,15.32
642,Kuusamo,FI,clear sky,65.9667,29.1833,14.0,85,0,9.22
643,Payson,US,clear sky,40.0444,-111.7321,37.0,75,1,3.44
644,Birjand,IR,clear sky,32.8663,59.2211,53.6,17,0,6.91
645,Akonolinga,CM,broken clouds,3.7667,12.25,88.36,35,79,2.37
646,Bougouni,ML,broken clouds,11.417,-7.479,98.74,10,81,8.05
647,Biak,ID,overcast clouds,-0.9131,122.8766,77.76,80,100,1.61
648,Sierpc,PL,overcast clouds,52.8568,19.6691,12.99,91,100,18.57
649,Rajula,IN,clear sky,21.05,71.4333,69.8,24,0,6.31
650,Sechura,PE,clear sky,-5.5569,-80.8222,81.79,54,9,7.65
651,Ilyich,KZ,overcast clouds,40.8464,68.5067,53.1,55,100,11.34
652,Flinders,AU,broken clouds,-34.5833,150.8552,68.0,78,82,4.0
653,Verkhniy Fiagdon,RU,overcast clouds,42.8333,44.3053,26.6,100,90,4.47
654,Belaya Gora,RU,scattered clouds,68.5333,146.4167,-28.59,83,42,4.29
655,Sabzevar,IR,few clouds,36.2126,57.6819,55.4,35,20,6.91
656,Nijar,ES,few clouds,36.9665,-2.206,64.4,55,20,21.85
657,Sisimiut,GL,clear sky,66.9395,-53.6735,27.25,80,0,20.15
658,Marevo,RU,light snow,57.3146,32.0804,14.67,96,100,6.76
659,Kastamonu,TR,overcast clouds,41.5,33.6667,47.84,54,99,2.55
660,Erenhot,CN,clear sky,43.6475,111.9767,7.45,89,0,4.9
661,Saryozek,KZ,overcast clouds,44.3583,77.9753,33.91,88,100,3.8
662,Juneau,US,mist,58.3019,-134.4197,10.99,92,20,5.66
663,Nehe,CN,clear sky,48.4833,124.8333,-8.66,86,0,3.42
664,Pringsewu,ID,moderate rain,-5.3582,104.9744,74.35,92,100,3.58
665,Manavgat,TR,clear sky,36.7867,31.4431,62.01,88,0,3.44
666,Troitsk,RU,scattered clouds,54.0979,61.5773,2.75,88,28,13.76
667,Key West,US,clear sky,24.5557,-81.7826,80.6,88,1,10.36
668,Isangel,VU,few clouds,-19.55,169.2667,77.0,94,20,3.71
669,Grandview,US,overcast clouds,38.8858,-94.533,8.01,78,90,13.8
670,Chany,RU,overcast clouds,55.3121,76.7647,12.18,93,100,19.66
671,Dwarka,IN,clear sky,22.2394,68.9678,70.0,61,0,12.5
672,Aykhal,RU,overcast clouds,66.0,111.5,-24.56,84,100,5.59
673,Ikalamavony,MG,moderate rain,-21.15,46.5833,72.43,81,97,1.95
674,Tambovka,RU,clear sky,50.0969,128.0489,-11.2,64,0,4.47
675,Agadir,MA,few clouds,30.4202,-9.5982,64.4,63,20,16.11
676,Nybro,SE,light snow,56.7446,15.9071,26.6,74,75,11.5
677,Rocha,UY,clear sky,-34.4833,-54.3333,81.61,50,8,3.74
678,Puerto Madero,MX,clear sky,14.7208,-92.4215,84.2,54,1,5.75
679,Sterling,US,snow,39.0062,-77.4286,35.01,93,90,6.91
680,Santiago,CL,haze,-33.4569,-70.6483,70.0,72,75,2.3
681,Voznesenye,RU,scattered clouds,61.0106,35.4781,-3.8,89,36,4.47
682,Ballinasloe,IE,overcast clouds,53.3275,-8.2194,37.0,69,92,10.0
683,Esil,KZ,overcast clouds,51.9556,66.4042,12.34,95,100,14.5
684,Orocue,CO,overcast clouds,4.7912,-71.3354,91.26,45,100,12.46
685,Maragogi,BR,broken clouds,-9.0122,-35.2225,85.26,63,66,12.75
686,Ambilobe,MG,light rain,-13.2,49.05,76.53,90,100,2.17
687,The Valley,AI,broken clouds,18.217,-63.0578,82.4,65,75,16.11
688,Beloha,MG,scattered clouds,-25.1667,45.05,78.85,75,29,11.36
689,Khandyga,RU,scattered clouds,62.6667,135.6,-34.17,82,28,2.64
690,Sile,TR,clear sky,41.1754,29.6133,60.8,59,0,2.3
691,Vila Velha,BR,heavy intensity rain,-20.3297,-40.2925,70.0,100,90,2.3
692,Babakan,ID,overcast clouds,-7.282,107.2224,74.03,80,100,6.29
